<?xml version="1.0" encoding="UTF-8"?><idempiere Name="MTM core for Idempiere 9.0.1" Version="1.7.2" idempiereVersion="" DataBaseVersion="" Description="The main components required to get MTM up and running.&#10;In a new system, add: Production made to measure menu and made to measure workflow. " Author="" AuthorEmail="" CreatedDate="2022-01-10 13:28:31.004" UpdatedDate="2022-01-10 13:28:36.316" PackOutVersion="100" UpdateDictionary="false" Client="0-SYSTEM-System" AD_Client_UU="11237b53-9592-4af1-b3c5-afd216514b5d">
    <AD_Process type="table">
        <AD_Client_ID>0</AD_Client_ID>
        <AD_Org_ID>0</AD_Org_ID>
        <AD_Org_ID reference="id">0</AD_Org_ID>
        <IsActive>Y</IsActive>
        <Name>BLD Fix MBom Product IDs</Name>
        <Description>Utility process to fix the issues with m_product_bom and V9</Description>
        <Help>Add new columns, drop constraints, add the right pp_product_bomline_id as foreign keys. Add new primary key constraints bldmtmproductbomadd_pp_product_bom FOREIGN KEY pp_product_bomline_id, bldmtmproductbomtrigger_pp_product_bom FOREIGN KEY pp_product_bomline_id.</Help>
        <ProcedureName/>
        <IsReport>N</IsReport>
        <Value>BLD_FixMBomProductIDs</Value>
        <IsDirectPrint>N</IsDirectPrint>
        <AD_ReportView_ID reference="id"/>
        <Classname>au.blindmot.utils.FixMBomProductIDs</Classname>
        <AccessLevel>7</AccessLevel>
        <EntityType>U</EntityType>
        <Statistic_Count>32</Statistic_Count>
        <Statistic_Seconds>595</Statistic_Seconds>
        <AD_PrintFormat_ID reference="id"/>
        <WorkflowValue/>
        <AD_Workflow_ID reference="id"/>
        <IsBetaFunctionality>N</IsBetaFunctionality>
        <ShowHelp>Y</ShowHelp>
        <JasperReport/>
        <AD_Form_ID reference="id"/>
        <CopyFromProcess>N</CopyFromProcess>
        <AD_Process_UU>63fb6806-a1a9-45ab-9f8b-26972f26a099</AD_Process_UU>
        <AD_CtxHelp_ID reference="id"/>
        <ExecutionType/>
        <AllowMultipleExecution>P</AllowMultipleExecution>
        <AD_Process_Trl type="translation">
            <Description>Utility process to fix the issues with m_product_bom and V9</Description>
            <Help>Add new columns, drop constraints, add the right pp_product_bomline_id as foreign keys. Add new primary key constraints bldmtmproductbomadd_pp_product_bom FOREIGN KEY pp_product_bomline_id, bldmtmproductbomtrigger_pp_product_bom FOREIGN KEY pp_product_bomline_id</Help>
            <Name>Fix MBom Product IDs</Name>
            <AD_Language>es_CO</AD_Language>
            <IsActive>Y</IsActive>
            <IsTranslated>N</IsTranslated>
        </AD_Process_Trl>
        <AD_Process_Trl type="translation">
            <Description>Utility process to fix the issues with m_product_bom and V9</Description>
            <Help>Add new columns, drop constraints, add the right pp_product_bomline_id as foreign keys. Add new primary key constraints bldmtmproductbomadd_pp_product_bom FOREIGN KEY pp_product_bomline_id, bldmtmproductbomtrigger_pp_product_bom FOREIGN KEY pp_product_bomline_id.</Help>
            <Name>BLD Fix MBom Product IDs</Name>
            <AD_Language>en_AU</AD_Language>
            <IsActive>Y</IsActive>
            <IsTranslated>N</IsTranslated>
        </AD_Process_Trl>
    </AD_Process>
</idempiere>
