<?xml version="1.0" encoding="UTF-8"?><?xml-stylesheet type="text/css" href="idempiereDocument.css"?><idempiereDocument>
    <header>MTM_App Package Description</header>
    <H1>Package Name:</H1>
    <packagename>MTM_App</packagename>
    <H1>Author:</H1>
    <Name:/>
    <H1>Email Address:</H1>
    <Email/>
    <H1>Created:</H1>
    <Date>2018-03-20 22:28:37.583</Date>
    <H1>Updated:</H1>
    <Date>2018-05-23 00:18:44.884</Date>
    <H1>Description:</H1>
    <description/>
    <H1>Instructions:</H1>
    <instructions>Note MTM work flow. Note that in each installation, there are 2 nodes (CheckProductionItems) &amp;  (DocApprove) will need to be copied to the client then deleted from System and assigned to the relevant people.
Note also that In the made to measure production window, the attributeset instance field will need to set the reference to Product Attribute: Table &amp; Column-&gt;BLD_mtom_item_line_Made to measure items-&gt;attributesetinstance_id-&gt;set reference to 'Product Attribute'</instructions>
    <H1>Files in Package:</H1>
    <file>File: PackOut.xml</file>
    <filedirectory>Directory: \dict\</filedirectory>
    <filenotes>Notes: Contains all application/object settings for package</filenotes>
    <H1>Client:</H1>
    <Client>0-SYSTEM-System</Client>
</idempiereDocument>
