<?xml version="1.0" encoding="UTF-8"?><?xml-stylesheet type="text/css" href="idempiereDocument.css"?><idempiereDocument>
    <header>MTM Google Calendar Lead convert Package Description</header>
    <H1>Package Name:</H1>
    <packagename>MTM Google Calendar Lead convert</packagename>
    <H1>Author:</H1>
    <Name:/>
    <H1>Email Address:</H1>
    <Email/>
    <H1>Created:</H1>
    <Date>2020-06-24 21:30:21.072</Date>
    <H1>Updated:</H1>
    <Date>2020-06-24 21:33:09.889</Date>
    <H1>Description:</H1>
    <description>Adds functionality to the Lead convert process</description>
    <H1>Instructions:</H1>
    <instructions>Ensure a 'Mail User' record exists for the Sales Person that the lead is being converted for. For Oauth2 to work the logged in user must write access to the Sales Rep's calendar.</instructions>
    <H1>Files in Package:</H1>
    <file>File: PackOut.xml</file>
    <filedirectory>Directory: \dict\</filedirectory>
    <filenotes>Notes: Contains all application/object settings for package</filenotes>
    <H1>Client:</H1>
    <Client>0-SYSTEM-System</Client>
</idempiereDocument>
