<?xml version="1.0" encoding="UTF-8"?><?xml-stylesheet type="text/css" href="idempiereDocument.css"?><idempiereDocument>
    <header>MTM core Package Description</header>
    <H1>Package Name:</H1>
    <packagename>MTM core</packagename>
    <H1>Author:</H1>
    <Name:/>
    <H1>Email Address:</H1>
    <Email/>
    <H1>Created:</H1>
    <Date>2018-03-08 20:38:35.782</Date>
    <H1>Updated:</H1>
    <Date>2020-02-02 18:58:30.129</Date>
    <H1>Description:</H1>
    <description>The main components required to get MTM up and running.
In a new system, add: Production made to measure menu and made to measure workflow. </description>
    <H1>Instructions:</H1>
    <instructions/>
    <H1>Files in Package:</H1>
    <file>File: PackOut.xml</file>
    <filedirectory>Directory: \dict\</filedirectory>
    <filenotes>Notes: Contains all application/object settings for package</filenotes>
    <H1>Client:</H1>
    <Client>0-SYSTEM-System</Client>
</idempiereDocument>
