<?xml version="1.0" encoding="UTF-8"?><idempiere Name="MTM core - 1.6.4_2" Version="1.6.4" idempiereVersion="" DataBaseVersion="" Description="Update from 6/1/22" Author="" AuthorEmail="" CreatedDate="2022-01-06 13:25:24.636" UpdatedDate="2022-01-06 13:25:32.665" PackOutVersion="100" UpdateDictionary="false" Client="0-SYSTEM-System" AD_Client_UU="11237b53-9592-4af1-b3c5-afd216514b5d">
    <AD_Table type="table">
        <AD_Client_ID>0</AD_Client_ID>
        <AD_Org_ID>0</AD_Org_ID>
        <Name>Made to measure item detail</Name>
        <Description>Additional detail for made to measure items.</Description>
        <Help>Additional detail for made to measure items can be recorded here, one record per detail.</Help>
        <AD_Window_ID reference="id"/>
        <AD_Val_Rule_ID reference="id"/>
        <TableName>BLD_Mtom_Item_Detail</TableName>
        <LoadSeq>0</LoadSeq>
        <AccessLevel>3</AccessLevel>
        <AD_Org_ID reference="id">0</AD_Org_ID>
        <IsActive>Y</IsActive>
        <IsSecurityEnabled>N</IsSecurityEnabled>
        <IsDeleteable>Y</IsDeleteable>
        <IsHighVolume>N</IsHighVolume>
        <IsView>N</IsView>
        <EntityType>U</EntityType>
        <ImportTable>N</ImportTable>
        <IsChangeLog>Y</IsChangeLog>
        <ReplicationType>L</ReplicationType>
        <PO_Window_ID reference="id"/>
        <CopyColumnsFromTable>N</CopyColumnsFromTable>
        <IsCentrallyMaintained>Y</IsCentrallyMaintained>
        <AD_Table_UU>bdfec69f-03b9-41a0-a3ec-4183b96a4bc7</AD_Table_UU>
        <Processing>N</Processing>
        <DatabaseViewDrop>N</DatabaseViewDrop>
        <CopyComponentsFromView>N</CopyComponentsFromView>
        <CreateWindowFromTable>N</CreateWindowFromTable>
        <AD_Element type="table">
            <AD_Client_ID>0</AD_Client_ID>
            <AD_Org_ID>0</AD_Org_ID>
            <AD_Org_ID reference="id">0</AD_Org_ID>
            <IsActive>Y</IsActive>
            <ColumnName>BLD_Mtom_Item_Detail_ID</ColumnName>
            <Name>Made to measure item detail</Name>
            <Description/>
            <Help/>
            <PrintName>Made to measure item detail</PrintName>
            <PO_Description/>
            <PO_Help/>
            <PO_Name/>
            <PO_PrintName/>
            <EntityType>U</EntityType>
            <AD_Element_UU>167f3d83-eb8c-4577-92a7-d74425f35cd1</AD_Element_UU>
            <Placeholder/>
            <AD_Element_Trl type="translation">
                <Description/>
                <Help/>
                <Name>Made to measure item detail</Name>
                <Placeholder/>
                <PO_Description/>
                <PO_Help/>
                <PO_Name/>
                <PO_PrintName/>
                <PrintName>Made to measure item detail</PrintName>
                <AD_Language>es_CO</AD_Language>
                <IsActive>Y</IsActive>
                <IsTranslated>N</IsTranslated>
            </AD_Element_Trl>
        </AD_Element>
        <AD_Column type="table">
            <IsSyncDatabase>Y</IsSyncDatabase>
            <AD_Table_ID reference="uuid" reference-key="AD_Table">bdfec69f-03b9-41a0-a3ec-4183b96a4bc7</AD_Table_ID>
            <AD_Reference_Value_ID reference="id"/>
            <AD_Client_ID>0</AD_Client_ID>
            <AD_Org_ID>0</AD_Org_ID>
            <Version>0.0</Version>
            <Name>Made to measure item detail</Name>
            <Description/>
            <Help/>
            <AD_Val_Rule_ID reference="id"/>
            <ColumnName>BLD_Mtom_Item_Detail_ID</ColumnName>
            <DefaultValue/>
            <FieldLength>10</FieldLength>
            <IsKey>Y</IsKey>
            <IsParent>Y</IsParent>
            <IsMandatory>Y</IsMandatory>
            <IsTranslated>N</IsTranslated>
            <IsIdentifier>N</IsIdentifier>
            <SeqNo/>
            <IsEncrypted>N</IsEncrypted>
            <AD_Reference_ID reference="id">13</AD_Reference_ID>
            <AD_Org_ID reference="id">0</AD_Org_ID>
            <IsActive>Y</IsActive>
            <VFormat/>
            <Callout/>
            <AD_Element_ID reference="uuid" reference-key="AD_Element">167f3d83-eb8c-4577-92a7-d74425f35cd1</AD_Element_ID>
            <IsUpdateable>N</IsUpdateable>
            <AD_Process_ID reference="id"/>
            <ValueMin/>
            <ValueMax/>
            <IsSelectionColumn>N</IsSelectionColumn>
            <ReadOnlyLogic/>
            <EntityType>U</EntityType>
            <IsAlwaysUpdateable>N</IsAlwaysUpdateable>
            <ColumnSQL/>
            <MandatoryLogic/>
            <IsAutocomplete>N</IsAutocomplete>
            <IsAllowLogging>Y</IsAllowLogging>
            <FormatPattern/>
            <AD_Chart_ID reference="id"/>
            <AD_Column_UU>3cff980d-26cc-4c6d-a109-fc18c481c477</AD_Column_UU>
            <IsAllowCopy>N</IsAllowCopy>
            <SeqNoSelection/>
            <IsToolbarButton>N</IsToolbarButton>
            <IsSecure>N</IsSecure>
            <FKConstraintName/>
            <FKConstraintType>N</FKConstraintType>
            <PA_DashboardContent_ID reference="id"/>
            <Placeholder/>
            <IsHtml>N</IsHtml>
            <AD_Val_Rule_Lookup_ID reference="id"/>
        </AD_Column>
        <AD_Element type="table">
            <AD_Client_ID>0</AD_Client_ID>
            <AD_Org_ID>0</AD_Org_ID>
            <AD_Org_ID reference="id">0</AD_Org_ID>
            <IsActive>Y</IsActive>
            <ColumnName>BLD_Mtom_Item_Detail_UU</ColumnName>
            <Name>BLD_Mtom_Item_Detail_UU</Name>
            <Description/>
            <Help/>
            <PrintName>BLD_Mtom_Item_Detail_UU</PrintName>
            <PO_Description/>
            <PO_Help/>
            <PO_Name/>
            <PO_PrintName/>
            <EntityType>U</EntityType>
            <AD_Element_UU>76a85255-e9cd-43a9-b2fa-c26a80c6f955</AD_Element_UU>
            <Placeholder/>
            <AD_Element_Trl type="translation">
                <Description/>
                <Help/>
                <Name>BLD_Mtom_Item_Detail_UU</Name>
                <Placeholder/>
                <PO_Description/>
                <PO_Help/>
                <PO_Name/>
                <PO_PrintName/>
                <PrintName>BLD_Mtom_Item_Detail_UU</PrintName>
                <AD_Language>es_CO</AD_Language>
                <IsActive>Y</IsActive>
                <IsTranslated>N</IsTranslated>
            </AD_Element_Trl>
        </AD_Element>
        <AD_Column type="table">
            <IsSyncDatabase>Y</IsSyncDatabase>
            <AD_Table_ID reference="uuid" reference-key="AD_Table">bdfec69f-03b9-41a0-a3ec-4183b96a4bc7</AD_Table_ID>
            <AD_Reference_Value_ID reference="id"/>
            <AD_Client_ID>0</AD_Client_ID>
            <AD_Org_ID>0</AD_Org_ID>
            <Version>0.0</Version>
            <Name>BLD_Mtom_Item_Detail_UU</Name>
            <Description/>
            <Help/>
            <AD_Val_Rule_ID reference="id"/>
            <ColumnName>BLD_Mtom_Item_Detail_UU</ColumnName>
            <DefaultValue/>
            <FieldLength>36</FieldLength>
            <IsKey>N</IsKey>
            <IsParent>N</IsParent>
            <IsMandatory>N</IsMandatory>
            <IsTranslated>N</IsTranslated>
            <IsIdentifier>N</IsIdentifier>
            <SeqNo/>
            <IsEncrypted>N</IsEncrypted>
            <AD_Reference_ID reference="id">10</AD_Reference_ID>
            <AD_Org_ID reference="id">0</AD_Org_ID>
            <IsActive>Y</IsActive>
            <VFormat/>
            <Callout/>
            <AD_Element_ID reference="uuid" reference-key="AD_Element">76a85255-e9cd-43a9-b2fa-c26a80c6f955</AD_Element_ID>
            <IsUpdateable>N</IsUpdateable>
            <AD_Process_ID reference="id"/>
            <ValueMin/>
            <ValueMax/>
            <IsSelectionColumn>N</IsSelectionColumn>
            <ReadOnlyLogic/>
            <EntityType>U</EntityType>
            <IsAlwaysUpdateable>N</IsAlwaysUpdateable>
            <ColumnSQL/>
            <MandatoryLogic/>
            <IsAutocomplete>N</IsAutocomplete>
            <IsAllowLogging>Y</IsAllowLogging>
            <FormatPattern/>
            <AD_Chart_ID reference="id"/>
            <AD_Column_UU>f3b0d951-552a-468a-937c-288f9f3921b2</AD_Column_UU>
            <IsAllowCopy>Y</IsAllowCopy>
            <SeqNoSelection/>
            <IsToolbarButton>N</IsToolbarButton>
            <IsSecure>N</IsSecure>
            <FKConstraintName/>
            <FKConstraintType>N</FKConstraintType>
            <PA_DashboardContent_ID reference="id"/>
            <Placeholder/>
            <IsHtml>N</IsHtml>
            <AD_Val_Rule_Lookup_ID reference="id"/>
        </AD_Column>
        <AD_Column type="table">
            <IsSyncDatabase>Y</IsSyncDatabase>
            <AD_Table_ID reference="uuid" reference-key="AD_Table">bdfec69f-03b9-41a0-a3ec-4183b96a4bc7</AD_Table_ID>
            <AD_Reference_Value_ID reference="id"/>
            <AD_Client_ID>0</AD_Client_ID>
            <AD_Org_ID>0</AD_Org_ID>
            <Version>0.0</Version>
            <Name>Client</Name>
            <Description>Client/Tenant for this installation.</Description>
            <Help>A Client is a company or a legal entity. You cannot share data between Clients. Tenant is a synonym for Client.</Help>
            <AD_Val_Rule_ID reference="id">129</AD_Val_Rule_ID>
            <ColumnName>AD_Client_ID</ColumnName>
            <DefaultValue>@#AD_Client_ID@</DefaultValue>
            <FieldLength>10</FieldLength>
            <IsKey>N</IsKey>
            <IsParent>N</IsParent>
            <IsMandatory>Y</IsMandatory>
            <IsTranslated>N</IsTranslated>
            <IsIdentifier>N</IsIdentifier>
            <SeqNo/>
            <IsEncrypted>N</IsEncrypted>
            <AD_Reference_ID reference="id">19</AD_Reference_ID>
            <AD_Org_ID reference="id">0</AD_Org_ID>
            <IsActive>Y</IsActive>
            <VFormat/>
            <Callout/>
            <AD_Element_ID reference="id">102</AD_Element_ID>
            <IsUpdateable>N</IsUpdateable>
            <AD_Process_ID reference="id"/>
            <ValueMin/>
            <ValueMax/>
            <IsSelectionColumn>N</IsSelectionColumn>
            <ReadOnlyLogic/>
            <EntityType>U</EntityType>
            <IsAlwaysUpdateable>N</IsAlwaysUpdateable>
            <ColumnSQL/>
            <MandatoryLogic/>
            <IsAutocomplete>N</IsAutocomplete>
            <IsAllowLogging>Y</IsAllowLogging>
            <FormatPattern/>
            <AD_Chart_ID reference="id"/>
            <AD_Column_UU>4a16c63f-e52a-43b7-bf04-ac78f10f3bd9</AD_Column_UU>
            <IsAllowCopy>Y</IsAllowCopy>
            <SeqNoSelection/>
            <IsToolbarButton>N</IsToolbarButton>
            <IsSecure>N</IsSecure>
            <FKConstraintName/>
            <FKConstraintType>D</FKConstraintType>
            <PA_DashboardContent_ID reference="id"/>
            <Placeholder/>
            <IsHtml>N</IsHtml>
            <AD_Val_Rule_Lookup_ID reference="id"/>
        </AD_Column>
        <AD_Column type="table">
            <IsSyncDatabase>Y</IsSyncDatabase>
            <AD_Table_ID reference="uuid" reference-key="AD_Table">bdfec69f-03b9-41a0-a3ec-4183b96a4bc7</AD_Table_ID>
            <AD_Reference_Value_ID reference="id"/>
            <AD_Client_ID>0</AD_Client_ID>
            <AD_Org_ID>0</AD_Org_ID>
            <Version>0.0</Version>
            <Name>Organization</Name>
            <Description>Organizational entity within client</Description>
            <Help>An organization is a unit of your client or legal entity - examples are store, department. You can share data between organizations.</Help>
            <AD_Val_Rule_ID reference="id">104</AD_Val_Rule_ID>
            <ColumnName>AD_Org_ID</ColumnName>
            <DefaultValue>@#AD_Org_ID@</DefaultValue>
            <FieldLength>10</FieldLength>
            <IsKey>N</IsKey>
            <IsParent>N</IsParent>
            <IsMandatory>Y</IsMandatory>
            <IsTranslated>N</IsTranslated>
            <IsIdentifier>N</IsIdentifier>
            <SeqNo/>
            <IsEncrypted>N</IsEncrypted>
            <AD_Reference_ID reference="id">19</AD_Reference_ID>
            <AD_Org_ID reference="id">0</AD_Org_ID>
            <IsActive>Y</IsActive>
            <VFormat/>
            <Callout/>
            <AD_Element_ID reference="id">113</AD_Element_ID>
            <IsUpdateable>N</IsUpdateable>
            <AD_Process_ID reference="id"/>
            <ValueMin/>
            <ValueMax/>
            <IsSelectionColumn>N</IsSelectionColumn>
            <ReadOnlyLogic/>
            <EntityType>U</EntityType>
            <IsAlwaysUpdateable>N</IsAlwaysUpdateable>
            <ColumnSQL/>
            <MandatoryLogic/>
            <IsAutocomplete>N</IsAutocomplete>
            <IsAllowLogging>Y</IsAllowLogging>
            <FormatPattern/>
            <AD_Chart_ID reference="id"/>
            <AD_Column_UU>aeffe00b-f732-422e-9707-0166841406b0</AD_Column_UU>
            <IsAllowCopy>Y</IsAllowCopy>
            <SeqNoSelection/>
            <IsToolbarButton>N</IsToolbarButton>
            <IsSecure>N</IsSecure>
            <FKConstraintName/>
            <FKConstraintType>D</FKConstraintType>
            <PA_DashboardContent_ID reference="id"/>
            <Placeholder/>
            <IsHtml>N</IsHtml>
            <AD_Val_Rule_Lookup_ID reference="id"/>
        </AD_Column>
        <AD_Column type="table">
            <IsSyncDatabase>Y</IsSyncDatabase>
            <AD_Table_ID reference="uuid" reference-key="AD_Table">bdfec69f-03b9-41a0-a3ec-4183b96a4bc7</AD_Table_ID>
            <AD_Reference_Value_ID reference="id"/>
            <AD_Client_ID>0</AD_Client_ID>
            <AD_Org_ID>0</AD_Org_ID>
            <Version>0.0</Version>
            <Name>Active</Name>
            <Description>The record is active in the system</Description>
            <Help>There are two methods of making records unavailable in the system: One is to delete the record, the other is to de-activate the record. A de-activated record is not available for selection, but available for reports.
There are two reasons for de-activating and not deleting records:
(1) The system requires the record for audit purposes.
(2) The record is referenced by other records. E.g., you cannot delete a Business Partner, if there are invoices for this partner record existing. You de-activate the Business Partner and prevent that this record is used for future entries.</Help>
            <AD_Val_Rule_ID reference="id"/>
            <ColumnName>IsActive</ColumnName>
            <DefaultValue>Y</DefaultValue>
            <FieldLength>1</FieldLength>
            <IsKey>N</IsKey>
            <IsParent>N</IsParent>
            <IsMandatory>Y</IsMandatory>
            <IsTranslated>N</IsTranslated>
            <IsIdentifier>N</IsIdentifier>
            <SeqNo/>
            <IsEncrypted>N</IsEncrypted>
            <AD_Reference_ID reference="id">20</AD_Reference_ID>
            <AD_Org_ID reference="id">0</AD_Org_ID>
            <IsActive>Y</IsActive>
            <VFormat/>
            <Callout/>
            <AD_Element_ID reference="id">348</AD_Element_ID>
            <IsUpdateable>Y</IsUpdateable>
            <AD_Process_ID reference="id"/>
            <ValueMin/>
            <ValueMax/>
            <IsSelectionColumn>N</IsSelectionColumn>
            <ReadOnlyLogic/>
            <EntityType>U</EntityType>
            <IsAlwaysUpdateable>N</IsAlwaysUpdateable>
            <ColumnSQL/>
            <MandatoryLogic/>
            <IsAutocomplete>N</IsAutocomplete>
            <IsAllowLogging>Y</IsAllowLogging>
            <FormatPattern/>
            <AD_Chart_ID reference="id"/>
            <AD_Column_UU>d8f757c9-5a1c-4bd9-bc2d-27ab78610f85</AD_Column_UU>
            <IsAllowCopy>Y</IsAllowCopy>
            <SeqNoSelection/>
            <IsToolbarButton>N</IsToolbarButton>
            <IsSecure>N</IsSecure>
            <FKConstraintName/>
            <FKConstraintType>N</FKConstraintType>
            <PA_DashboardContent_ID reference="id"/>
            <Placeholder/>
            <IsHtml>N</IsHtml>
            <AD_Val_Rule_Lookup_ID reference="id"/>
        </AD_Column>
        <AD_Column type="table">
            <IsSyncDatabase>Y</IsSyncDatabase>
            <AD_Table_ID reference="uuid" reference-key="AD_Table">bdfec69f-03b9-41a0-a3ec-4183b96a4bc7</AD_Table_ID>
            <AD_Reference_Value_ID reference="id"/>
            <AD_Client_ID>0</AD_Client_ID>
            <AD_Org_ID>0</AD_Org_ID>
            <Version>0.0</Version>
            <Name>Created</Name>
            <Description>Date this record was created</Description>
            <Help>The Created field indicates the date that this record was created.</Help>
            <AD_Val_Rule_ID reference="id"/>
            <ColumnName>Created</ColumnName>
            <DefaultValue>SYSDATE</DefaultValue>
            <FieldLength>29</FieldLength>
            <IsKey>N</IsKey>
            <IsParent>N</IsParent>
            <IsMandatory>Y</IsMandatory>
            <IsTranslated>N</IsTranslated>
            <IsIdentifier>N</IsIdentifier>
            <SeqNo/>
            <IsEncrypted>N</IsEncrypted>
            <AD_Reference_ID reference="id">16</AD_Reference_ID>
            <AD_Org_ID reference="id">0</AD_Org_ID>
            <IsActive>Y</IsActive>
            <VFormat/>
            <Callout/>
            <AD_Element_ID reference="id">245</AD_Element_ID>
            <IsUpdateable>N</IsUpdateable>
            <AD_Process_ID reference="id"/>
            <ValueMin/>
            <ValueMax/>
            <IsSelectionColumn>N</IsSelectionColumn>
            <ReadOnlyLogic/>
            <EntityType>U</EntityType>
            <IsAlwaysUpdateable>N</IsAlwaysUpdateable>
            <ColumnSQL/>
            <MandatoryLogic/>
            <IsAutocomplete>N</IsAutocomplete>
            <IsAllowLogging>Y</IsAllowLogging>
            <FormatPattern/>
            <AD_Chart_ID reference="id"/>
            <AD_Column_UU>cbea6a29-b169-4a16-94f3-fc1208784ea4</AD_Column_UU>
            <IsAllowCopy>Y</IsAllowCopy>
            <SeqNoSelection/>
            <IsToolbarButton>N</IsToolbarButton>
            <IsSecure>N</IsSecure>
            <FKConstraintName/>
            <FKConstraintType>N</FKConstraintType>
            <PA_DashboardContent_ID reference="id"/>
            <Placeholder/>
            <IsHtml>N</IsHtml>
            <AD_Val_Rule_Lookup_ID reference="id"/>
        </AD_Column>
        <AD_Column type="table">
            <IsSyncDatabase>Y</IsSyncDatabase>
            <AD_Table_ID reference="uuid" reference-key="AD_Table">bdfec69f-03b9-41a0-a3ec-4183b96a4bc7</AD_Table_ID>
            <AD_Reference_Value_ID reference="id">110</AD_Reference_Value_ID>
            <AD_Client_ID>0</AD_Client_ID>
            <AD_Org_ID>0</AD_Org_ID>
            <Version>0.0</Version>
            <Name>Created By</Name>
            <Description>User who created this records</Description>
            <Help>The Created By field indicates the user who created this record.</Help>
            <AD_Val_Rule_ID reference="id"/>
            <ColumnName>CreatedBy</ColumnName>
            <DefaultValue/>
            <FieldLength>10</FieldLength>
            <IsKey>N</IsKey>
            <IsParent>N</IsParent>
            <IsMandatory>Y</IsMandatory>
            <IsTranslated>N</IsTranslated>
            <IsIdentifier>N</IsIdentifier>
            <SeqNo/>
            <IsEncrypted>N</IsEncrypted>
            <AD_Reference_ID reference="id">30</AD_Reference_ID>
            <AD_Org_ID reference="id">0</AD_Org_ID>
            <IsActive>Y</IsActive>
            <VFormat/>
            <Callout/>
            <AD_Element_ID reference="id">246</AD_Element_ID>
            <IsUpdateable>N</IsUpdateable>
            <AD_Process_ID reference="id"/>
            <ValueMin/>
            <ValueMax/>
            <IsSelectionColumn>N</IsSelectionColumn>
            <ReadOnlyLogic/>
            <EntityType>U</EntityType>
            <IsAlwaysUpdateable>N</IsAlwaysUpdateable>
            <ColumnSQL/>
            <MandatoryLogic/>
            <IsAutocomplete>N</IsAutocomplete>
            <IsAllowLogging>Y</IsAllowLogging>
            <FormatPattern/>
            <AD_Chart_ID reference="id"/>
            <AD_Column_UU>24d15b25-31e3-4934-a849-79542594a9bb</AD_Column_UU>
            <IsAllowCopy>Y</IsAllowCopy>
            <SeqNoSelection/>
            <IsToolbarButton>N</IsToolbarButton>
            <IsSecure>N</IsSecure>
            <FKConstraintName/>
            <FKConstraintType>D</FKConstraintType>
            <PA_DashboardContent_ID reference="id"/>
            <Placeholder/>
            <IsHtml>N</IsHtml>
            <AD_Val_Rule_Lookup_ID reference="id"/>
        </AD_Column>
        <AD_Column type="table">
            <IsSyncDatabase>Y</IsSyncDatabase>
            <AD_Table_ID reference="uuid" reference-key="AD_Table">bdfec69f-03b9-41a0-a3ec-4183b96a4bc7</AD_Table_ID>
            <AD_Reference_Value_ID reference="id"/>
            <AD_Client_ID>0</AD_Client_ID>
            <AD_Org_ID>0</AD_Org_ID>
            <Version>0.0</Version>
            <Name>Updated</Name>
            <Description>Date this record was updated</Description>
            <Help>The Updated field indicates the date that this record was updated.</Help>
            <AD_Val_Rule_ID reference="id"/>
            <ColumnName>Updated</ColumnName>
            <DefaultValue>SYSDATE</DefaultValue>
            <FieldLength>29</FieldLength>
            <IsKey>N</IsKey>
            <IsParent>N</IsParent>
            <IsMandatory>Y</IsMandatory>
            <IsTranslated>N</IsTranslated>
            <IsIdentifier>N</IsIdentifier>
            <SeqNo/>
            <IsEncrypted>N</IsEncrypted>
            <AD_Reference_ID reference="id">16</AD_Reference_ID>
            <AD_Org_ID reference="id">0</AD_Org_ID>
            <IsActive>Y</IsActive>
            <VFormat/>
            <Callout/>
            <AD_Element_ID reference="id">607</AD_Element_ID>
            <IsUpdateable>N</IsUpdateable>
            <AD_Process_ID reference="id"/>
            <ValueMin/>
            <ValueMax/>
            <IsSelectionColumn>N</IsSelectionColumn>
            <ReadOnlyLogic/>
            <EntityType>U</EntityType>
            <IsAlwaysUpdateable>N</IsAlwaysUpdateable>
            <ColumnSQL/>
            <MandatoryLogic/>
            <IsAutocomplete>N</IsAutocomplete>
            <IsAllowLogging>Y</IsAllowLogging>
            <FormatPattern/>
            <AD_Chart_ID reference="id"/>
            <AD_Column_UU>d7d5c74a-2f21-4181-9988-7e24650278ed</AD_Column_UU>
            <IsAllowCopy>Y</IsAllowCopy>
            <SeqNoSelection/>
            <IsToolbarButton>N</IsToolbarButton>
            <IsSecure>N</IsSecure>
            <FKConstraintName/>
            <FKConstraintType>N</FKConstraintType>
            <PA_DashboardContent_ID reference="id"/>
            <Placeholder/>
            <IsHtml>N</IsHtml>
            <AD_Val_Rule_Lookup_ID reference="id"/>
        </AD_Column>
        <AD_Column type="table">
            <IsSyncDatabase>Y</IsSyncDatabase>
            <AD_Table_ID reference="uuid" reference-key="AD_Table">bdfec69f-03b9-41a0-a3ec-4183b96a4bc7</AD_Table_ID>
            <AD_Reference_Value_ID reference="id">110</AD_Reference_Value_ID>
            <AD_Client_ID>0</AD_Client_ID>
            <AD_Org_ID>0</AD_Org_ID>
            <Version>0.0</Version>
            <Name>Updated By</Name>
            <Description>User who updated this records</Description>
            <Help>The Updated By field indicates the user who updated this record.</Help>
            <AD_Val_Rule_ID reference="id"/>
            <ColumnName>UpdatedBy</ColumnName>
            <DefaultValue/>
            <FieldLength>10</FieldLength>
            <IsKey>N</IsKey>
            <IsParent>N</IsParent>
            <IsMandatory>Y</IsMandatory>
            <IsTranslated>N</IsTranslated>
            <IsIdentifier>N</IsIdentifier>
            <SeqNo/>
            <IsEncrypted>N</IsEncrypted>
            <AD_Reference_ID reference="id">30</AD_Reference_ID>
            <AD_Org_ID reference="id">0</AD_Org_ID>
            <IsActive>Y</IsActive>
            <VFormat/>
            <Callout/>
            <AD_Element_ID reference="id">608</AD_Element_ID>
            <IsUpdateable>N</IsUpdateable>
            <AD_Process_ID reference="id"/>
            <ValueMin/>
            <ValueMax/>
            <IsSelectionColumn>N</IsSelectionColumn>
            <ReadOnlyLogic/>
            <EntityType>U</EntityType>
            <IsAlwaysUpdateable>N</IsAlwaysUpdateable>
            <ColumnSQL/>
            <MandatoryLogic/>
            <IsAutocomplete>N</IsAutocomplete>
            <IsAllowLogging>Y</IsAllowLogging>
            <FormatPattern/>
            <AD_Chart_ID reference="id"/>
            <AD_Column_UU>546dfa1c-b151-4214-ad52-7560480d87c8</AD_Column_UU>
            <IsAllowCopy>Y</IsAllowCopy>
            <SeqNoSelection/>
            <IsToolbarButton>N</IsToolbarButton>
            <IsSecure>N</IsSecure>
            <FKConstraintName/>
            <FKConstraintType>D</FKConstraintType>
            <PA_DashboardContent_ID reference="id"/>
            <Placeholder/>
            <IsHtml>N</IsHtml>
            <AD_Val_Rule_Lookup_ID reference="id"/>
        </AD_Column>
        <AD_Column type="table">
            <IsSyncDatabase>Y</IsSyncDatabase>
            <AD_Table_ID reference="uuid" reference-key="AD_Table">bdfec69f-03b9-41a0-a3ec-4183b96a4bc7</AD_Table_ID>
            <AD_Reference_Value_ID reference="id"/>
            <AD_Client_ID>0</AD_Client_ID>
            <AD_Org_ID>0</AD_Org_ID>
            <Version>0.0</Version>
            <Name>Line No</Name>
            <Description>Unique line for this document</Description>
            <Help>Indicates the unique line for a document.  It will also control the display order of the lines within a document.</Help>
            <AD_Val_Rule_ID reference="id"/>
            <ColumnName>Line</ColumnName>
            <DefaultValue>@SQL=SELECT COALESCE(MAX(Line),0)+10 AS DefaultValue FROM C_OrderLine WHERE C_Order_ID=@C_Order_ID@</DefaultValue>
            <FieldLength>10</FieldLength>
            <IsKey>N</IsKey>
            <IsParent>N</IsParent>
            <IsMandatory>Y</IsMandatory>
            <IsTranslated>N</IsTranslated>
            <IsIdentifier>N</IsIdentifier>
            <SeqNo/>
            <IsEncrypted>N</IsEncrypted>
            <AD_Reference_ID reference="id">11</AD_Reference_ID>
            <AD_Org_ID reference="id">0</AD_Org_ID>
            <IsActive>Y</IsActive>
            <VFormat/>
            <Callout/>
            <AD_Element_ID reference="id">439</AD_Element_ID>
            <IsUpdateable>N</IsUpdateable>
            <AD_Process_ID reference="id"/>
            <ValueMin/>
            <ValueMax/>
            <IsSelectionColumn>N</IsSelectionColumn>
            <ReadOnlyLogic/>
            <EntityType>U</EntityType>
            <IsAlwaysUpdateable>N</IsAlwaysUpdateable>
            <ColumnSQL/>
            <MandatoryLogic/>
            <IsAutocomplete>N</IsAutocomplete>
            <IsAllowLogging>Y</IsAllowLogging>
            <FormatPattern/>
            <AD_Chart_ID reference="id"/>
            <AD_Column_UU>e7934ad1-5ad0-4c00-ac7a-90c8e01936c3</AD_Column_UU>
            <IsAllowCopy>Y</IsAllowCopy>
            <SeqNoSelection/>
            <IsToolbarButton>N</IsToolbarButton>
            <IsSecure>N</IsSecure>
            <FKConstraintName/>
            <FKConstraintType>N</FKConstraintType>
            <PA_DashboardContent_ID reference="id"/>
            <Placeholder/>
            <IsHtml>N</IsHtml>
            <AD_Val_Rule_Lookup_ID reference="id"/>
        </AD_Column>
        <AD_Element type="table">
            <AD_Client_ID>0</AD_Client_ID>
            <AD_Org_ID>0</AD_Org_ID>
            <AD_Org_ID reference="id">0</AD_Org_ID>
            <IsActive>Y</IsActive>
            <ColumnName>bld_mtom_item_line_ID</ColumnName>
            <Name>Made to measure items</Name>
            <Description/>
            <Help/>
            <PrintName>Made to measure items</PrintName>
            <PO_Description/>
            <PO_Help/>
            <PO_Name/>
            <PO_PrintName/>
            <EntityType>U</EntityType>
            <AD_Element_UU>a8400f16-da1f-4c4c-a73e-0306a8692bfc</AD_Element_UU>
            <Placeholder/>
            <AD_Element_Trl type="translation">
                <Description/>
                <Help/>
                <Name>Made to measure items</Name>
                <Placeholder/>
                <PO_Description/>
                <PO_Help/>
                <PO_Name/>
                <PO_PrintName/>
                <PrintName>Made to measure items</PrintName>
                <AD_Language>es_CO</AD_Language>
                <IsActive>Y</IsActive>
                <IsTranslated>N</IsTranslated>
            </AD_Element_Trl>
        </AD_Element>
        <AD_Column type="table">
            <IsSyncDatabase>Y</IsSyncDatabase>
            <AD_Table_ID reference="uuid" reference-key="AD_Table">bdfec69f-03b9-41a0-a3ec-4183b96a4bc7</AD_Table_ID>
            <AD_Reference_Value_ID reference="id"/>
            <AD_Client_ID>0</AD_Client_ID>
            <AD_Org_ID>0</AD_Org_ID>
            <Version>0.0</Version>
            <Name>Made to measure items</Name>
            <Description/>
            <Help/>
            <AD_Val_Rule_ID reference="id"/>
            <ColumnName>bld_mtom_item_line_ID</ColumnName>
            <DefaultValue/>
            <FieldLength>10</FieldLength>
            <IsKey>N</IsKey>
            <IsParent>N</IsParent>
            <IsMandatory>Y</IsMandatory>
            <IsTranslated>N</IsTranslated>
            <IsIdentifier>N</IsIdentifier>
            <SeqNo/>
            <IsEncrypted>N</IsEncrypted>
            <AD_Reference_ID reference="id">19</AD_Reference_ID>
            <AD_Org_ID reference="id">0</AD_Org_ID>
            <IsActive>Y</IsActive>
            <VFormat/>
            <Callout/>
            <AD_Element_ID reference="uuid" reference-key="AD_Element">a8400f16-da1f-4c4c-a73e-0306a8692bfc</AD_Element_ID>
            <IsUpdateable>N</IsUpdateable>
            <AD_Process_ID reference="id"/>
            <ValueMin/>
            <ValueMax/>
            <IsSelectionColumn>N</IsSelectionColumn>
            <ReadOnlyLogic/>
            <EntityType>U</EntityType>
            <IsAlwaysUpdateable>N</IsAlwaysUpdateable>
            <ColumnSQL/>
            <MandatoryLogic/>
            <IsAutocomplete>N</IsAutocomplete>
            <IsAllowLogging>Y</IsAllowLogging>
            <FormatPattern/>
            <AD_Chart_ID reference="id"/>
            <AD_Column_UU>9a8da484-9906-479d-8124-fde2678b6140</AD_Column_UU>
            <IsAllowCopy>Y</IsAllowCopy>
            <SeqNoSelection/>
            <IsToolbarButton>N</IsToolbarButton>
            <IsSecure>N</IsSecure>
            <FKConstraintName/>
            <FKConstraintType>N</FKConstraintType>
            <PA_DashboardContent_ID reference="id"/>
            <Placeholder/>
            <IsHtml>N</IsHtml>
            <AD_Val_Rule_Lookup_ID reference="id"/>
        </AD_Column>
        <AD_Column type="table">
            <IsSyncDatabase>Y</IsSyncDatabase>
            <AD_Table_ID reference="uuid" reference-key="AD_Table">bdfec69f-03b9-41a0-a3ec-4183b96a4bc7</AD_Table_ID>
            <AD_Reference_Value_ID reference="id"/>
            <AD_Client_ID>0</AD_Client_ID>
            <AD_Org_ID>0</AD_Org_ID>
            <Version>0.0</Version>
            <Name>Name</Name>
            <Description>Alphanumeric identifier of the entity</Description>
            <Help>The name of an entity (record) is used as an default search option in addition to the search key. The name is up to 60 characters in length.</Help>
            <AD_Val_Rule_ID reference="id"/>
            <ColumnName>Name</ColumnName>
            <DefaultValue/>
            <FieldLength>255</FieldLength>
            <IsKey>N</IsKey>
            <IsParent>N</IsParent>
            <IsMandatory>Y</IsMandatory>
            <IsTranslated>N</IsTranslated>
            <IsIdentifier>Y</IsIdentifier>
            <SeqNo/>
            <IsEncrypted>N</IsEncrypted>
            <AD_Reference_ID reference="id">10</AD_Reference_ID>
            <AD_Org_ID reference="id">0</AD_Org_ID>
            <IsActive>Y</IsActive>
            <VFormat/>
            <Callout/>
            <AD_Element_ID reference="id">469</AD_Element_ID>
            <IsUpdateable>Y</IsUpdateable>
            <AD_Process_ID reference="id"/>
            <ValueMin/>
            <ValueMax/>
            <IsSelectionColumn>Y</IsSelectionColumn>
            <ReadOnlyLogic/>
            <EntityType>U</EntityType>
            <IsAlwaysUpdateable>N</IsAlwaysUpdateable>
            <ColumnSQL/>
            <MandatoryLogic/>
            <IsAutocomplete>N</IsAutocomplete>
            <IsAllowLogging>Y</IsAllowLogging>
            <FormatPattern/>
            <AD_Chart_ID reference="id"/>
            <AD_Column_UU>da0bf7dc-206e-40ef-94cb-3d603356d1a0</AD_Column_UU>
            <IsAllowCopy>Y</IsAllowCopy>
            <SeqNoSelection>20</SeqNoSelection>
            <IsToolbarButton>N</IsToolbarButton>
            <IsSecure>N</IsSecure>
            <FKConstraintName/>
            <FKConstraintType>N</FKConstraintType>
            <PA_DashboardContent_ID reference="id"/>
            <Placeholder/>
            <IsHtml>N</IsHtml>
            <AD_Val_Rule_Lookup_ID reference="id"/>
        </AD_Column>
        <AD_Column type="table">
            <IsSyncDatabase>Y</IsSyncDatabase>
            <AD_Table_ID reference="uuid" reference-key="AD_Table">bdfec69f-03b9-41a0-a3ec-4183b96a4bc7</AD_Table_ID>
            <AD_Reference_Value_ID reference="id"/>
            <AD_Client_ID>0</AD_Client_ID>
            <AD_Org_ID>0</AD_Org_ID>
            <Version>0.0</Version>
            <Name>Description</Name>
            <Description>Optional short description of the record</Description>
            <Help>A description is limited to 255 characters.</Help>
            <AD_Val_Rule_ID reference="id"/>
            <ColumnName>Description</ColumnName>
            <DefaultValue/>
            <FieldLength>255</FieldLength>
            <IsKey>N</IsKey>
            <IsParent>N</IsParent>
            <IsMandatory>N</IsMandatory>
            <IsTranslated>N</IsTranslated>
            <IsIdentifier>N</IsIdentifier>
            <SeqNo/>
            <IsEncrypted>N</IsEncrypted>
            <AD_Reference_ID reference="id">10</AD_Reference_ID>
            <AD_Org_ID reference="id">0</AD_Org_ID>
            <IsActive>Y</IsActive>
            <VFormat/>
            <Callout/>
            <AD_Element_ID reference="id">275</AD_Element_ID>
            <IsUpdateable>Y</IsUpdateable>
            <AD_Process_ID reference="id"/>
            <ValueMin/>
            <ValueMax/>
            <IsSelectionColumn>Y</IsSelectionColumn>
            <ReadOnlyLogic/>
            <EntityType>U</EntityType>
            <IsAlwaysUpdateable>N</IsAlwaysUpdateable>
            <ColumnSQL/>
            <MandatoryLogic/>
            <IsAutocomplete>N</IsAutocomplete>
            <IsAllowLogging>Y</IsAllowLogging>
            <FormatPattern/>
            <AD_Chart_ID reference="id"/>
            <AD_Column_UU>3e3d414c-ae3c-4e4d-a6c5-bb1b31cfaa52</AD_Column_UU>
            <IsAllowCopy>Y</IsAllowCopy>
            <SeqNoSelection>30</SeqNoSelection>
            <IsToolbarButton>N</IsToolbarButton>
            <IsSecure>N</IsSecure>
            <FKConstraintName/>
            <FKConstraintType>N</FKConstraintType>
            <PA_DashboardContent_ID reference="id"/>
            <Placeholder/>
            <IsHtml>N</IsHtml>
            <AD_Val_Rule_Lookup_ID reference="id"/>
        </AD_Column>
        <AD_Column type="table">
            <IsSyncDatabase>Y</IsSyncDatabase>
            <AD_Table_ID reference="uuid" reference-key="AD_Table">bdfec69f-03b9-41a0-a3ec-4183b96a4bc7</AD_Table_ID>
            <AD_Reference_Value_ID reference="id"/>
            <AD_Client_ID>0</AD_Client_ID>
            <AD_Org_ID>0</AD_Org_ID>
            <Version>0.0</Version>
            <Name>Product</Name>
            <Description>Product, Service, Item</Description>
            <Help>Identifies an item which is either purchased or sold in this organization.</Help>
            <AD_Val_Rule_ID reference="id">231</AD_Val_Rule_ID>
            <ColumnName>M_Product_ID</ColumnName>
            <DefaultValue/>
            <FieldLength>10</FieldLength>
            <IsKey>N</IsKey>
            <IsParent>N</IsParent>
            <IsMandatory>N</IsMandatory>
            <IsTranslated>N</IsTranslated>
            <IsIdentifier>N</IsIdentifier>
            <SeqNo/>
            <IsEncrypted>N</IsEncrypted>
            <AD_Reference_ID reference="id">30</AD_Reference_ID>
            <AD_Org_ID reference="id">0</AD_Org_ID>
            <IsActive>Y</IsActive>
            <VFormat/>
            <Callout/>
            <AD_Element_ID reference="id">454</AD_Element_ID>
            <IsUpdateable>Y</IsUpdateable>
            <AD_Process_ID reference="id"/>
            <ValueMin/>
            <ValueMax/>
            <IsSelectionColumn>N</IsSelectionColumn>
            <ReadOnlyLogic/>
            <EntityType>U</EntityType>
            <IsAlwaysUpdateable>N</IsAlwaysUpdateable>
            <ColumnSQL/>
            <MandatoryLogic/>
            <IsAutocomplete>N</IsAutocomplete>
            <IsAllowLogging>Y</IsAllowLogging>
            <FormatPattern/>
            <AD_Chart_ID reference="id"/>
            <AD_Column_UU>947c531b-c543-482e-8b9f-807d14cfc953</AD_Column_UU>
            <IsAllowCopy>Y</IsAllowCopy>
            <SeqNoSelection/>
            <IsToolbarButton>N</IsToolbarButton>
            <IsSecure>N</IsSecure>
            <FKConstraintName/>
            <FKConstraintType>N</FKConstraintType>
            <PA_DashboardContent_ID reference="id"/>
            <Placeholder/>
            <IsHtml>N</IsHtml>
            <AD_Val_Rule_Lookup_ID reference="id"/>
        </AD_Column>
        <AD_Element type="table">
            <AD_Client_ID>0</AD_Client_ID>
            <AD_Org_ID>0</AD_Org_ID>
            <AD_Org_ID reference="id">0</AD_Org_ID>
            <IsActive>Y</IsActive>
            <ColumnName>description_other</ColumnName>
            <Name>description_other</Name>
            <Description/>
            <Help/>
            <PrintName>description_other</PrintName>
            <PO_Description/>
            <PO_Help/>
            <PO_Name/>
            <PO_PrintName/>
            <EntityType>U</EntityType>
            <AD_Element_UU>13da6050-b83c-4bce-8ca7-4e1257eaac6c</AD_Element_UU>
            <Placeholder/>
            <AD_Element_Trl type="translation">
                <Description/>
                <Help/>
                <Name>description_other</Name>
                <Placeholder/>
                <PO_Description/>
                <PO_Help/>
                <PO_Name/>
                <PO_PrintName/>
                <PrintName>description_other</PrintName>
                <AD_Language>es_CO</AD_Language>
                <IsActive>Y</IsActive>
                <IsTranslated>N</IsTranslated>
            </AD_Element_Trl>
        </AD_Element>
        <AD_Column type="table">
            <IsSyncDatabase>Y</IsSyncDatabase>
            <AD_Table_ID reference="uuid" reference-key="AD_Table">bdfec69f-03b9-41a0-a3ec-4183b96a4bc7</AD_Table_ID>
            <AD_Reference_Value_ID reference="id"/>
            <AD_Client_ID>0</AD_Client_ID>
            <AD_Org_ID>0</AD_Org_ID>
            <Version>0.0</Version>
            <Name>description_other</Name>
            <Description/>
            <Help/>
            <AD_Val_Rule_ID reference="id"/>
            <ColumnName>description_other</ColumnName>
            <DefaultValue/>
            <FieldLength>255</FieldLength>
            <IsKey>N</IsKey>
            <IsParent>N</IsParent>
            <IsMandatory>N</IsMandatory>
            <IsTranslated>N</IsTranslated>
            <IsIdentifier>N</IsIdentifier>
            <SeqNo/>
            <IsEncrypted>N</IsEncrypted>
            <AD_Reference_ID reference="id">10</AD_Reference_ID>
            <AD_Org_ID reference="id">0</AD_Org_ID>
            <IsActive>Y</IsActive>
            <VFormat/>
            <Callout/>
            <AD_Element_ID reference="uuid" reference-key="AD_Element">13da6050-b83c-4bce-8ca7-4e1257eaac6c</AD_Element_ID>
            <IsUpdateable>Y</IsUpdateable>
            <AD_Process_ID reference="id"/>
            <ValueMin/>
            <ValueMax/>
            <IsSelectionColumn>N</IsSelectionColumn>
            <ReadOnlyLogic/>
            <EntityType>U</EntityType>
            <IsAlwaysUpdateable>N</IsAlwaysUpdateable>
            <ColumnSQL/>
            <MandatoryLogic/>
            <IsAutocomplete>N</IsAutocomplete>
            <IsAllowLogging>Y</IsAllowLogging>
            <FormatPattern/>
            <AD_Chart_ID reference="id"/>
            <AD_Column_UU>a61c10de-6251-4f0e-8355-b278e49b2e08</AD_Column_UU>
            <IsAllowCopy>Y</IsAllowCopy>
            <SeqNoSelection/>
            <IsToolbarButton>N</IsToolbarButton>
            <IsSecure>N</IsSecure>
            <FKConstraintName/>
            <FKConstraintType>N</FKConstraintType>
            <PA_DashboardContent_ID reference="id"/>
            <Placeholder/>
            <IsHtml>N</IsHtml>
            <AD_Val_Rule_Lookup_ID reference="id"/>
        </AD_Column>
    </AD_Table>
</idempiere>
