<?xml version="1.0" encoding="UTF-8"?><?xml-stylesheet type="text/css" href="idempiereDocument.css"?><idempiereDocument>
    <header>MTM core - 1.6.4_2 Package Description</header>
    <H1>Package Name:</H1>
    <packagename>MTM core - 1.6.4_2</packagename>
    <H1>Author:</H1>
    <Name:/>
    <H1>Email Address:</H1>
    <Email/>
    <H1>Created:</H1>
    <Date>2022-01-06 13:25:24.636</Date>
    <H1>Updated:</H1>
    <Date>2022-01-06 13:25:32.665</Date>
    <H1>Description:</H1>
    <description>Update from 6/1/22</description>
    <H1>Instructions:</H1>
    <instructions/>
    <H1>Files in Package:</H1>
    <file>File: PackOut.xml</file>
    <filedirectory>Directory: \dict\</filedirectory>
    <filenotes>Notes: Contains all application/object settings for package</filenotes>
    <H1>Client:</H1>
    <Client>0-SYSTEM-System</Client>
</idempiereDocument>
