<?xml version="1.0" encoding="UTF-8"?><idempiere Name="MTM_App" Version="1.3" idempiereVersion="" DataBaseVersion="" Description="" Author="" AuthorEmail="" CreatedDate="2018-03-20 22:28:37.583" UpdatedDate="2018-05-15 23:06:53.739" PackOutVersion="100" UpdateDictionary="false" Client="0-SYSTEM-System" AD_Client_UU="11237b53-9592-4af1-b3c5-afd216514b5d">
    <AD_Attachment type="table">
        <AD_Client_ID>0</AD_Client_ID>
        <AD_Org_ID>0</AD_Org_ID>
        <IsActive>Y</IsActive>
        <AD_Table_ID reference="id">284</AD_Table_ID>
        <Record_ID reference="uuid" reference-key="AD_Process">2052a39b-2b1a-4d09-828c-ab70f24f4531</Record_ID>
        <BinaryData>1.dat|byte[]</BinaryData>
        <Title>zip</Title>
        <TextMsg/>
        <AD_Attachment_UU>7c14c451-a15e-4d94-8018-3528486cbe75</AD_Attachment_UU>
    </AD_Attachment>
    <AD_Attachment type="table">
        <AD_Client_ID>0</AD_Client_ID>
        <AD_Org_ID>0</AD_Org_ID>
        <IsActive>Y</IsActive>
        <AD_Table_ID reference="id">284</AD_Table_ID>
        <Record_ID reference="uuid" reference-key="AD_Process">12246d5a-247a-49b1-b2a8-8976123cbdc1</Record_ID>
        <BinaryData>2.dat|byte[]</BinaryData>
        <Title>zip</Title>
        <TextMsg/>
        <AD_Attachment_UU>dd5f9a6c-e2e8-40ba-a34a-c76705cbc3cf</AD_Attachment_UU>
    </AD_Attachment>
    <AD_Menu type="table">
        <Parent_ID reference="id">53296</Parent_ID>
        <SeqNo>11</SeqNo>
        <AD_Client_ID>0</AD_Client_ID>
        <AD_Org_ID>0</AD_Org_ID>
        <Name>Production - made to measure</Name>
        <Description>Handles the production of made to measure items</Description>
        <Action>W</Action>
        <AD_Window_ID reference="uuid" reference-key="AD_Window">ca0c251d-1355-46cb-86e7-0b5856fcb900</AD_Window_ID>
        <AD_Workflow_ID reference="id"/>
        <AD_Task_ID reference="id"/>
        <IsActive>Y</IsActive>
        <IsSummary>N</IsSummary>
        <AD_Process_ID reference="id"/>
        <IsSOTrx>Y</IsSOTrx>
        <AD_Form_ID reference="id"/>
        <IsReadOnly>N</IsReadOnly>
        <EntityType>U</EntityType>
        <IsCentrallyMaintained>Y</IsCentrallyMaintained>
        <AD_Menu_UU>41468efa-3c1e-497d-9b7a-8580dcc9fb22</AD_Menu_UU>
        <AD_InfoWindow_ID reference="id"/>
        <AD_Menu_Trl type="translation">
            <Name>Production - made to measure</Name>
            <Description>Handles the production of made to measure items</Description>
            <AD_Language>es_CO</AD_Language>
            <IsActive>Y</IsActive>
            <IsTranslated>N</IsTranslated>
        </AD_Menu_Trl>
    </AD_Menu>
    <SQLStatement type="custom">
        <DBType>ALL</DBType>
        <statement><![CDATA[ALTER TABLE c_orderline ADD COLUMN reference_id numeric(10,0) DEFAULT NULL;]]></statement>
    </SQLStatement>
</idempiere>
