<?xml version="1.0" encoding="UTF-8"?><idempiere Name="MTM for Idempiere 9.1.9" Version="1.7.4" idempiereVersion="" DataBaseVersion="" Description="Mtm labels and production update for fabric samples." Author="" AuthorEmail="" CreatedDate="2024-09-13 13:08:48.513" UpdatedDate="2024-09-13 13:08:48.513" PackOutVersion="100" UpdateDictionary="false" Client="0-SYSTEM-System" AD_Client_UU="11237b53-9592-4af1-b3c5-afd216514b5d">
    <AD_Process type="table">
        <AD_Client_ID>0</AD_Client_ID>
        <AD_Org_ID>0</AD_Org_ID>
        <AD_Org_ID reference="id">0</AD_Org_ID>
        <IsActive>Y</IsActive>
        <Name>Print Mtm Labels</Name>
        <Description>Create MTM labels for line items</Description>
        <Help>Create labels for MTM items. Optionally create finished item labels only or for items and cuts as well.</Help>
        <ProcedureName/>
        <IsReport>N</IsReport>
        <Value>Mtm Labels</Value>
        <IsDirectPrint>N</IsDirectPrint>
        <AD_ReportView_ID reference="id"/>
        <Classname>au.blindmot.mtmlabels.processes.MtmLabels</Classname>
        <AccessLevel>7</AccessLevel>
        <EntityType>U</EntityType>
        <Statistic_Count>122</Statistic_Count>
        <Statistic_Seconds>10746</Statistic_Seconds>
        <AD_PrintFormat_ID reference="id"/>
        <WorkflowValue/>
        <AD_Workflow_ID reference="id"/>
        <IsBetaFunctionality>N</IsBetaFunctionality>
        <ShowHelp>Y</ShowHelp>
        <JasperReport/>
        <AD_Form_ID reference="id"/>
        <CopyFromProcess>N</CopyFromProcess>
        <AD_Process_UU>addf22cf-d7f5-4f68-abac-dba20e6de68a</AD_Process_UU>
        <AD_CtxHelp_ID reference="id"/>
        <ExecutionType/>
        <AllowMultipleExecution/>
        <AD_Process_Trl type="translation">
            <Description>Create MTM labels for line items</Description>
            <Help/>
            <Name>Mtm_Labels</Name>
            <AD_Language>es_CO</AD_Language>
            <IsActive>Y</IsActive>
            <IsTranslated>N</IsTranslated>
        </AD_Process_Trl>
        <AD_Process_Trl type="translation">
            <Description>Create MTM labels for line items</Description>
            <Help>Create labels for MTM items. Optionally create finished item labels only or for items and cuts as well.</Help>
            <Name>Print Mtm Labels</Name>
            <AD_Language>en_AU</AD_Language>
            <IsActive>Y</IsActive>
            <IsTranslated>N</IsTranslated>
        </AD_Process_Trl>
        <AD_Process_Para type="table">
            <AD_Client_ID>0</AD_Client_ID>
            <AD_Org_ID>0</AD_Org_ID>
            <AD_Org_ID reference="id">0</AD_Org_ID>
            <IsActive>Y</IsActive>
            <Name>Finshed items only</Name>
            <Description>Create labels for finished items only.</Description>
            <Help>Create labels for finished items only. If left unchecked, labels will also be created for the cut to size components for each item.</Help>
            <AD_Process_ID reference="uuid" reference-key="AD_Process">addf22cf-d7f5-4f68-abac-dba20e6de68a</AD_Process_ID>
            <SeqNo>10</SeqNo>
            <AD_Reference_ID reference="id">20</AD_Reference_ID>
            <AD_Reference_Value_ID reference="id"/>
            <IsRange>N</IsRange>
            <AD_Val_Rule_ID reference="id"/>
            <FieldLength>1</FieldLength>
            <IsMandatory>N</IsMandatory>
            <DefaultValue/>
            <VFormat/>
            <ValueMin/>
            <ValueMax/>
            <ColumnName>FinishedItemOnly</ColumnName>
            <DefaultValue2/>
            <IsCentrallyMaintained>N</IsCentrallyMaintained>
            <EntityType>U</EntityType>
            <AD_Element_ID reference="id"/>
            <ReadOnlyLogic/>
            <DisplayLogic>@FabricSample@ ^ 'Y'</DisplayLogic>
            <AD_Process_Para_UU>b403aa3f-a954-4679-9a59-ca872c53a245</AD_Process_Para_UU>
            <IsEncrypted>N</IsEncrypted>
            <MandatoryLogic/>
            <Query/>
            <AD_FieldGroup_ID reference="id"/>
            <Placeholder/>
            <Placeholder2/>
            <IsAutocomplete>N</IsAutocomplete>
            <AD_Process_Para_Trl type="translation">
                <Description>Create labels for finished items only.</Description>
                <Help>Create labels for finished items only.</Help>
                <Name>Finshed items only</Name>
                <Placeholder/>
                <Placeholder2/>
                <AD_Language>es_CO</AD_Language>
                <IsActive>Y</IsActive>
                <IsTranslated>N</IsTranslated>
            </AD_Process_Para_Trl>
            <AD_Process_Para_Trl type="translation">
                <Description>Create labels for finished items only.</Description>
                <Help>Create labels for finished items only. If left unchecked, labels will also be created for the cut to size components for each item.</Help>
                <Name>Finshed items only</Name>
                <Placeholder/>
                <Placeholder2/>
                <AD_Language>en_AU</AD_Language>
                <IsActive>Y</IsActive>
                <IsTranslated>N</IsTranslated>
            </AD_Process_Para_Trl>
        </AD_Process_Para>
        <AD_Process_Para type="table">
            <AD_Client_ID>0</AD_Client_ID>
            <AD_Org_ID>0</AD_Org_ID>
            <AD_Org_ID reference="id">0</AD_Org_ID>
            <IsActive>Y</IsActive>
            <Name>BLDMtomProduction_ID</Name>
            <Description>BLDMtomProduction_ID</Description>
            <Help/>
            <AD_Process_ID reference="uuid" reference-key="AD_Process">addf22cf-d7f5-4f68-abac-dba20e6de68a</AD_Process_ID>
            <SeqNo>30</SeqNo>
            <AD_Reference_ID reference="id">13</AD_Reference_ID>
            <AD_Reference_Value_ID reference="id"/>
            <IsRange>N</IsRange>
            <AD_Val_Rule_ID reference="id"/>
            <FieldLength>0</FieldLength>
            <IsMandatory>N</IsMandatory>
            <DefaultValue>@bld_mtom_production_ID@</DefaultValue>
            <VFormat/>
            <ValueMin/>
            <ValueMax/>
            <ColumnName>bld_mtom_production_ID</ColumnName>
            <DefaultValue2/>
            <IsCentrallyMaintained>N</IsCentrallyMaintained>
            <EntityType>U</EntityType>
            <AD_Element_ID reference="id"/>
            <ReadOnlyLogic/>
            <DisplayLogic>@bld_mtom_production_ID@=0</DisplayLogic>
            <AD_Process_Para_UU>2f3a2d1d-fec0-4c30-8dd3-9ba41380a416</AD_Process_Para_UU>
            <IsEncrypted>N</IsEncrypted>
            <MandatoryLogic/>
            <Query/>
            <AD_FieldGroup_ID reference="id"/>
            <Placeholder/>
            <Placeholder2/>
            <IsAutocomplete>N</IsAutocomplete>
            <AD_Process_Para_Trl type="translation">
                <Description>BLDMtomProduction_ID</Description>
                <Help/>
                <Name>BLDMtomProduction_ID</Name>
                <Placeholder/>
                <Placeholder2/>
                <AD_Language>es_CO</AD_Language>
                <IsActive>Y</IsActive>
                <IsTranslated>N</IsTranslated>
            </AD_Process_Para_Trl>
            <AD_Process_Para_Trl type="translation">
                <Description>BLDMtomProduction_ID</Description>
                <Help/>
                <Name>BLDMtomProduction_ID</Name>
                <Placeholder/>
                <Placeholder2/>
                <AD_Language>en_AU</AD_Language>
                <IsActive>Y</IsActive>
                <IsTranslated>N</IsTranslated>
            </AD_Process_Para_Trl>
        </AD_Process_Para>
        <AD_Process_Para type="table">
            <AD_Client_ID>0</AD_Client_ID>
            <AD_Org_ID>0</AD_Org_ID>
            <AD_Org_ID reference="id">0</AD_Org_ID>
            <IsActive>Y</IsActive>
            <Name>Number of copies to create</Name>
            <Description>How many labels are required?</Description>
            <Help>Specify how many label copies should be printed.</Help>
            <AD_Process_ID reference="uuid" reference-key="AD_Process">addf22cf-d7f5-4f68-abac-dba20e6de68a</AD_Process_ID>
            <SeqNo>20</SeqNo>
            <AD_Reference_ID reference="id">11</AD_Reference_ID>
            <AD_Reference_Value_ID reference="id"/>
            <IsRange>N</IsRange>
            <AD_Val_Rule_ID reference="id"/>
            <FieldLength>1</FieldLength>
            <IsMandatory>N</IsMandatory>
            <DefaultValue>1</DefaultValue>
            <VFormat/>
            <ValueMin>1</ValueMin>
            <ValueMax>5</ValueMax>
            <ColumnName>LabelCopies</ColumnName>
            <DefaultValue2/>
            <IsCentrallyMaintained>N</IsCentrallyMaintained>
            <EntityType>U</EntityType>
            <AD_Element_ID reference="id"/>
            <ReadOnlyLogic/>
            <DisplayLogic/>
            <AD_Process_Para_UU>2f40deb2-a3b3-4ee2-b6f5-d1a56583fe6c</AD_Process_Para_UU>
            <IsEncrypted>N</IsEncrypted>
            <MandatoryLogic/>
            <Query/>
            <AD_FieldGroup_ID reference="id"/>
            <Placeholder/>
            <Placeholder2/>
            <IsAutocomplete>N</IsAutocomplete>
            <AD_Process_Para_Trl type="translation">
                <Description>How many labels are required?</Description>
                <Help>Specify how many label copies should be printed.</Help>
                <Name>Number of copies to create</Name>
                <Placeholder/>
                <Placeholder2/>
                <AD_Language>es_CO</AD_Language>
                <IsActive>Y</IsActive>
                <IsTranslated>N</IsTranslated>
            </AD_Process_Para_Trl>
            <AD_Process_Para_Trl type="translation">
                <Description>How many labels are required?</Description>
                <Help>Specify how many label copies should be printed.</Help>
                <Name>Number of copies to create</Name>
                <Placeholder/>
                <Placeholder2/>
                <AD_Language>en_AU</AD_Language>
                <IsActive>Y</IsActive>
                <IsTranslated>N</IsTranslated>
            </AD_Process_Para_Trl>
        </AD_Process_Para>
        <AD_Process_Para type="table">
            <AD_Client_ID>0</AD_Client_ID>
            <AD_Org_ID>0</AD_Org_ID>
            <AD_Org_ID reference="id">0</AD_Org_ID>
            <IsActive>Y</IsActive>
            <Name>Fabric Sample Labels</Name>
            <Description>Create labels for fabric samples only.</Description>
            <Help>Create labels for fabric samples only. If checked, other options will not be available.</Help>
            <AD_Process_ID reference="uuid" reference-key="AD_Process">addf22cf-d7f5-4f68-abac-dba20e6de68a</AD_Process_ID>
            <SeqNo>5</SeqNo>
            <AD_Reference_ID reference="id">20</AD_Reference_ID>
            <AD_Reference_Value_ID reference="id"/>
            <IsRange>N</IsRange>
            <AD_Val_Rule_ID reference="id"/>
            <FieldLength>1</FieldLength>
            <IsMandatory>N</IsMandatory>
            <DefaultValue/>
            <VFormat/>
            <ValueMin/>
            <ValueMax/>
            <ColumnName>FabricSample</ColumnName>
            <DefaultValue2/>
            <IsCentrallyMaintained>N</IsCentrallyMaintained>
            <EntityType>U</EntityType>
            <AD_Element_ID reference="id"/>
            <ReadOnlyLogic/>
            <DisplayLogic/>
            <AD_Process_Para_UU>d8a4d317-d293-4def-98f8-ee0a5159161d</AD_Process_Para_UU>
            <IsEncrypted>N</IsEncrypted>
            <MandatoryLogic/>
            <Query/>
            <AD_FieldGroup_ID reference="id"/>
            <Placeholder/>
            <Placeholder2/>
            <IsAutocomplete>N</IsAutocomplete>
            <AD_Process_Para_Trl type="translation">
                <Description>Create labels for fabric samples only.</Description>
                <Help>Create labels for fabric samples only. If checked, other options will not be available.</Help>
                <Name>Fabric Sample Labels</Name>
                <Placeholder/>
                <Placeholder2/>
                <AD_Language>es_CO</AD_Language>
                <IsActive>Y</IsActive>
                <IsTranslated>N</IsTranslated>
            </AD_Process_Para_Trl>
            <AD_Process_Para_Trl type="translation">
                <Description>Create labels for fabric samples only.</Description>
                <Help>Create labels for fabric samples only. If checked, other options will not be available.</Help>
                <Name>Fabric Sample Labels</Name>
                <Placeholder/>
                <Placeholder2/>
                <AD_Language>en_AU</AD_Language>
                <IsActive>Y</IsActive>
                <IsTranslated>N</IsTranslated>
            </AD_Process_Para_Trl>
        </AD_Process_Para>
        <AD_Process_Para type="table">
            <AD_Client_ID>0</AD_Client_ID>
            <AD_Org_ID>0</AD_Org_ID>
            <AD_Org_ID reference="id">0</AD_Org_ID>
            <IsActive>Y</IsActive>
            <Name>Number of finished item labels</Name>
            <Description>How many finished item labels are required?</Description>
            <Help>Specify how many finished item label copies should be printed.</Help>
            <AD_Process_ID reference="uuid" reference-key="AD_Process">addf22cf-d7f5-4f68-abac-dba20e6de68a</AD_Process_ID>
            <SeqNo>40</SeqNo>
            <AD_Reference_ID reference="id">11</AD_Reference_ID>
            <AD_Reference_Value_ID reference="id"/>
            <IsRange>N</IsRange>
            <AD_Val_Rule_ID reference="id"/>
            <FieldLength>1</FieldLength>
            <IsMandatory>N</IsMandatory>
            <DefaultValue>2</DefaultValue>
            <VFormat/>
            <ValueMin>0</ValueMin>
            <ValueMax>5</ValueMax>
            <ColumnName>FinishedLabelCopies</ColumnName>
            <DefaultValue2/>
            <IsCentrallyMaintained>N</IsCentrallyMaintained>
            <EntityType>U</EntityType>
            <AD_Element_ID reference="id"/>
            <ReadOnlyLogic/>
            <DisplayLogic>@FabricSample@ ^ 'Y'</DisplayLogic>
            <AD_Process_Para_UU>2c939ecb-4025-485a-bed2-c555598d3248</AD_Process_Para_UU>
            <IsEncrypted>N</IsEncrypted>
            <MandatoryLogic/>
            <Query/>
            <AD_FieldGroup_ID reference="id"/>
            <Placeholder/>
            <Placeholder2/>
            <IsAutocomplete>N</IsAutocomplete>
            <AD_Process_Para_Trl type="translation">
                <Description>How many labels are required?</Description>
                <Help>Specify how many label copies should be printed.</Help>
                <Name>Number of copies to create</Name>
                <Placeholder/>
                <Placeholder2/>
                <AD_Language>es_CO</AD_Language>
                <IsActive>Y</IsActive>
                <IsTranslated>N</IsTranslated>
            </AD_Process_Para_Trl>
            <AD_Process_Para_Trl type="translation">
                <Description>How many finished item labels are required?</Description>
                <Help>Specify how many finished item label copies should be printed.</Help>
                <Name>Number of finished item labels</Name>
                <Placeholder/>
                <Placeholder2/>
                <AD_Language>en_AU</AD_Language>
                <IsActive>Y</IsActive>
                <IsTranslated>N</IsTranslated>
            </AD_Process_Para_Trl>
        </AD_Process_Para>
    </AD_Process>
</idempiere>
