<?xml version="1.0" encoding="UTF-8"?><?xml-stylesheet type="text/css" href="idempiereDocument.css"?><idempiereDocument>
    <header>ABAPaymentExporter Package Description</header>
    <H1>Package Name:</H1>
    <packagename>ABAPaymentExporter</packagename>
    <H1>Author:</H1>
    <Name:/>
    <H1>Email Address:</H1>
    <Email>phil@blindmotion.com.au</Email>
    <H1>Created:</H1>
    <Date>2018-03-03 23:46:45.868</Date>
    <H1>Updated:</H1>
    <Date>2018-03-04 09:36:30.308</Date>
    <H1>Description:</H1>
    <description>A plugin to export payments from the 'Payment Print/Export' form in the Australian ABA format.</description>
    <H1>Instructions:</H1>
    <instructions>1. Deploy the zip file via OSGI felix console.
2. Add BSB, account number data to both client and business partner bank account records that you wish to use with the plugin. Also add lodgement reference text to Business Partner bank records. 
3. In the client bank accounts you wish to use, add au.blindmot.ABAPaymentExport.ABAPaymentExporter to the 'Payment Export Class' in the Account tab of the Bank - Cash window.
4. Cache reset/role access update.
5. Attempt a payment export. The export button should be active and when it is clicked, it should export a .aba file that can used to initiate payments from Australian banks.</instructions>
    <H1>Files in Package:</H1>
    <file>File: PackOut.xml</file>
    <filedirectory>Directory: \dict\</filedirectory>
    <filenotes>Notes: Contains all application/object settings for package</filenotes>
    <H1>Client:</H1>
    <Client>0-SYSTEM-System</Client>
</idempiereDocument>
