<?xml version="1.0" encoding="UTF-8"?><idempiere Name="au.blindmot.googleoauth" Version="1.0.1" idempiereVersion="" DataBaseVersion="" Description="" Author="" AuthorEmail="" CreatedDate="2020-08-15 14:13:37.143" UpdatedDate="2020-08-15 15:17:27.162" PackOutVersion="100" UpdateDictionary="false" Client="0-SYSTEM-System" AD_Client_UU="11237b53-9592-4af1-b3c5-afd216514b5d">
    <AD_SysConfig type="table">
        <AD_Client_ID>0</AD_Client_ID>
        <AD_Org_ID>0</AD_Org_ID>
        <IsActive>Y</IsActive>
        <Name>BLD_OAUTH_SIGNIN_URL</Name>
        <Value>http://localhost:8180/signin</Value>
        <Description>Server URL for use with Google Oauth signin</Description>
        <EntityType>U</EntityType>
        <ConfigurationLevel>C</ConfigurationLevel>
        <AD_SysConfig_UU>992bb971-ad12-442d-960c-68a5c85ffe30</AD_SysConfig_UU>
    </AD_SysConfig>
    <AD_SysConfig type="table">
        <AD_Client_ID>0</AD_Client_ID>
        <AD_Org_ID>0</AD_Org_ID>
        <IsActive>Y</IsActive>
        <Name>BLD_OAUTH_REDIRECT_URL</Name>
        <Value>http://localhost:8180/callback</Value>
        <Description>Server URL for use with Google Oauth. A URI setting at https://console.developers.google.com/ must match the entry below.</Description>
        <EntityType>U</EntityType>
        <ConfigurationLevel>C</ConfigurationLevel>
        <AD_SysConfig_UU>610f93ab-268f-4790-b016-911835e6528a</AD_SysConfig_UU>
    </AD_SysConfig>
</idempiere>
